filename;N;M;N*M;OPT
../../data/allIns/knapPI_12_50_1000_2.in;50;900;45000;878
../../data/allIns/knapPI_12_20_1000_49.in;20;8087;161740;8865
../../data/allIns/knapPI_16_20_1000_42.in;20;4618;92360;3680
../../data/allIns/knapPI_12_20_1000_19.in;20;1358;27160;1965
../../data/allIns/knapPI_14_50_1000_10.in;50;2520;126000;1925
../../data/allIns/knapPI_15_20_1000_49.in;20;4406;88120;4400
../../data/allIns/knapPI_11_20_1000_46.in;20;8289;165780;8174
../../data/allIns/knapPI_11_20_1000_18.in;20;3329;66580;5200
../../data/allIns/knapPI_12_20_1000_85.in;20;13257;265140;12154
../../data/allIns/knapPI_12_20_1000_69.in;20;6937;138740;6480
../../data/allIns/knapPI_12_50_1000_22.in;50;6056;302800;8852
../../data/allIns/knapPI_16_200_1000_2.in;200;1998;399600;1445
../../data/allIns/knapPI_14_100_1000_18.in;100;8933;893300;7333
../../data/allIns/knapPI_16_20_1000_5.in;20;963;19260;544
../../data/allIns/knapPI_14_100_1000_12.in;100;6244;624400;5144
../../data/allIns/knapPI_15_50_1000_45.in;50;10090;504500;10085
../../data/allIns/knapPI_14_20_1000_35.in;20;3185;63700;2462
../../data/allIns/knapPI_14_20_1000_73.in;20;6813;136260;5252
../../data/allIns/knapPI_16_20_1000_44.in;20;4652;93040;3691
../../data/allIns/knapPI_13_20_1000_7.in;20;1120;22400;931
../../data/allIns/knapPI_15_20_1000_18.in;20;1845;36900;1844
../../data/allIns/knapPI_11_20_1000_51.in;20;7140;142800;14140
../../data/allIns/knapPI_14_20_1000_86.in;20;10315;206300;8055
../../data/allIns/knapPI_15_20_1000_96.in;20;8758;175160;8738
../../data/allIns/knapPI_15_50_1000_73.in;50;18268;913400;18249
../../data/allIns/knapPI_13_50_1000_47.in;50;12215;610750;10518
../../data/allIns/knapPI_11_50_1000_38.in;50;11167;558350;25000
../../data/allIns/knapPI_11_20_1000_80.in;20;6924;138480;8587
../../data/allIns/knapPI_15_20_1000_93.in;20;7722;154440;7705
../../data/allIns/knapPI_15_50_1000_47.in;50;11031;551550;11023
../../data/allIns/knapPI_14_50_1000_44.in;50;10901;545050;8702
../../data/allIns/knapPI_11_20_1000_41.in;20;3907;78140;7952
../../data/allIns/knapPI_13_20_1000_13.in;20;2007;40140;1782
../../data/allIns/knapPI_13_20_1000_97.in;20;9588;191760;8328
../../data/allIns/knapPI_11_100_1000_7.in;100;4313;431300;6959
../../data/allIns/knapPI_13_50_1000_21.in;50;6443;322150;5757
../../data/allIns/knapPI_14_20_1000_38.in;20;3107;62140;2355
../../data/allIns/knapPI_16_20_1000_84.in;20;6765;135300;4626
../../data/allIns/knapPI_13_50_1000_28.in;50;11689;584450;10611
../../data/allIns/knapPI_13_50_1000_46.in;50;17394;869700;15619
../../data/allIns/knapPI_11_20_1000_60.in;20;6239;124780;9953
../../data/allIns/knapPI_11_50_1000_20.in;50;10056;502800;28656
../../data/allIns/knapPI_15_20_1000_66.in;20;7712;154240;7706
../../data/allIns/knapPI_16_20_1000_74.in;20;8085;161700;6007
../../data/allIns/knapPI_11_20_1000_49.in;20;8087;161740;16671
../../data/allIns/knapPI_15_20_1000_20.in;20;1907;38140;1906
../../data/allIns/knapPI_12_50_1000_31.in;50;2909;145450;3913
../../data/allIns/knapPI_11_50_1000_37.in;50;8463;423150;6518
../../data/allIns/knapPI_11_20_1000_61.in;20;10025;200500;13180
../../data/allIns/knapPI_14_50_1000_14.in;50;3732;186600;2987
../../data/allIns/knapPI_12_50_1000_7.in;50;2111;105550;2398
../../data/allIns/knapPI_14_20_1000_56.in;20;5544;110880;4344
../../data/allIns/knapPI_13_100_1000_29.in;100;3030;303000;1818
../../data/allIns/knapPI_13_50_1000_64.in;50;15064;753200;13312
../../data/allIns/knapPI_13_50_1000_31.in;50;6355;317750;5304
../../data/allIns/knapPI_16_50_1000_79.in;50;19211;960550;14636
../../data/allIns/f2_l-d_kp_20_878.in;20;878;17560;941
../../data/allIns/knapPI_14_50_1000_4.in;50;1001;50050;801
../../data/allIns/knapPI_14_20_1000_62.in;20;5531;110620;4295
../../data/allIns/knapPI_15_20_1000_15.in;20;1816;36320;1814
../../data/allIns/knapPI_12_20_1000_94.in;20;9217;184340;8014
../../data/allIns/knapPI_15_20_1000_8.in;20;947;18940;942
../../data/allIns/knapPI_11_50_1000_19.in;50;4525;226250;4658
../../data/allIns/knapPI_12_100_1000_11.in;100;8024;802400;7839
../../data/allIns/knapPI_13_50_1000_43.in;50;12963;648150;11290
../../data/allIns/knapPI_11_100_1000_13.in;100;9744;974400;53156
../../data/allIns/knapPI_12_20_1000_65.in;20;10107;202140;10725
../../data/allIns/knapPI_16_20_1000_12.in;20;1151;23020;992
../../data/allIns/knapPI_16_20_1000_58.in;20;6442;128840;4960
../../data/allIns/knapPI_13_20_1000_55.in;20;6631;132620;5878
../../data/allIns/knapPI_15_50_1000_13.in;50;3538;176900;3537
../../data/allIns/knapPI_13_20_1000_93.in;20;9314;186280;8120
../../data/allIns/knapPI_14_20_1000_59.in;20;5981;119620;4750
../../data/allIns/knapPI_16_50_1000_63.in;50;14741;737050;11342
../../data/allIns/knapPI_2_100_1000_1.in;100;995;99500;7407
../../data/allIns/knapPI_16_20_1000_69.in;20;6380;127600;4831
../../data/allIns/knapPI_11_20_1000_81.in;20;9246;184920;9540
../../data/allIns/knapPI_16_20_1000_80.in;20;6373;127460;4656
../../data/allIns/knapPI_14_50_1000_53.in;50;12559;627950;10007
../../data/allIns/knapPI_12_50_1000_34.in;50;6773;338650;9248
../../data/allIns/knapPI_11_200_1000_2.in;200;1398;279600;767
../../data/allIns/knapPI_16_20_1000_20.in;20;1907;38140;1306
../../data/allIns/knapPI_12_20_1000_76.in;20;7548;150960;6873
../../data/allIns/knapPI_15_20_1000_36.in;20;2990;59800;2987
../../data/allIns/knapPI_13_20_1000_74.in;20;4303;86060;3650
../../data/allIns/knapPI_13_20_1000_61.in;20;13552;271040;12206
../../data/allIns/knapPI_13_20_1000_77.in;20;4578;91560;3455
../../data/allIns/knapPI_11_100_1000_6.in;100;3598;359800;2739
../../data/allIns/knapPI_16_50_1000_13.in;50;3538;176900;2912
../../data/allIns/knapPI_16_50_1000_9.in;50;2035;101750;1481
../../data/allIns/knapPI_16_50_1000_53.in;50;12559;627950;9497
../../data/allIns/knapPI_11_20_1000_21.in;20;2274;45480;10788
../../data/allIns/knapPI_15_50_1000_42.in;50;10235;511750;10231
../../data/allIns/knapPI_15_20_1000_45.in;20;5030;100600;5024
../../data/allIns/knapPI_14_50_1000_71.in;50;15617;780850;12414
../../data/allIns/knapPI_12_20_1000_24.in;20;245;4900;850
../../data/allIns/knapPI_12_50_1000_63.in;50;4973;248650;5749
../../data/allIns/knapPI_12_20_1000_5.in;20;830;16600;837
../../data/allIns/knapPI_11_20_1000_32.in;20;1879;37580;2912
../../data/allIns/knapPI_13_20_1000_81.in;20;10197;203940;9061
../../data/allIns/knapPI_16_50_1000_71.in;50;15617;780850;11574
../../data/allIns/knapPI_14_50_1000_31.in;50;7639;381950;6239
../../data/allIns/knapPI_15_50_1000_49.in;50;9758;487900;9749
../../data/allIns/knapPI_16_20_1000_3.in;20;998;19960;612
../../data/allIns/knapPI_16_100_1000_3.in;100;1465;146500;1043
../../data/allIns/knapPI_14_200_1000_2.in;200;1998;399600;1598
../../data/allIns/knapPI_14_50_1000_34.in;50;8406;420300;6806
../../data/allIns/knapPI_15_20_1000_64.in;20;6706;134120;6698
../../data/allIns/knapPI_13_100_1000_2.in;100;1900;190000;1719
../../data/allIns/knapPI_14_50_1000_63.in;50;14741;737050;11816
../../data/allIns/knapPI_14_20_1000_44.in;20;4652;93040;3646
../../data/allIns/knapPI_11_50_1000_79.in;50;16013;800650;18184
../../data/allIns/knapPI_13_20_1000_53.in;20;4923;98460;4278
../../data/allIns/knapPI_11_20_1000_16.in;20;2710;54200;4704
../../data/allIns/knapPI_13_20_1000_24.in;20;973;19460;672
../../data/allIns/knapPI_16_50_1000_42.in;50;10235;511750;7945
../../data/allIns/knapPI_11_20_1000_17.in;20;2733;54660;2464
../../data/allIns/knapPI_16_100_1000_18.in;100;8933;893300;7281
../../data/allIns/knapPI_15_20_1000_84.in;20;6765;135300;6752
../../data/allIns/knapPI_11_20_1000_69.in;20;6937;138740;7995
../../data/allIns/knapPI_12_20_1000_25.in;20;2175;43500;3247
../../data/allIns/knapPI_13_20_1000_40.in;20;2291;45820;1853
../../data/allIns/knapPI_11_100_1000_30.in;100;8510;851000;22452
../../data/allIns/knapPI_11_100_1000_19.in;100;8682;868200;8937
../../data/allIns/knapPI_15_50_1000_17.in;50;4497;224850;4497
../../data/allIns/knapPI_16_50_1000_44.in;50;10901;545050;8677
../../data/allIns/knapPI_14_50_1000_19.in;50;4595;229750;3789
../../data/allIns/knapPI_16_20_1000_82.in;20;8381;167620;6351
../../data/allIns/knapPI_12_20_1000_14.in;20;2676;53520;2603
../../data/allIns/knapPI_11_20_1000_12.in;20;1584;31680;2128
../../data/allIns/knapPI_12_50_1000_25.in;50;5565;278250;8308
../../data/allIns/knapPI_16_50_1000_80.in;50;18125;906250;13622
../../data/allIns/knapPI_11_20_1000_86.in;20;15645;312900;16544
../../data/allIns/knapPI_12_20_1000_17.in;20;2733;54660;2912
../../data/allIns/knapPI_11_20_1000_96.in;20;10214;204280;10747
../../data/allIns/knapPI_11_50_1000_66.in;50;19583;979150;21307
../../data/allIns/knapPI_14_100_1000_6.in;100;3011;301100;2411
../../data/allIns/knapPI_16_50_1000_18.in;50;4400;220000;3487
../../data/allIns/knapPI_11_100_1000_5.in;100;2484;248400;6650
../../data/allIns/knapPI_12_20_1000_63.in;20;1858;37160;2052
../../data/allIns/knapPI_11_20_1000_62.in;20;7106;142120;8958
../../data/allIns/knapPI_16_50_1000_2.in;50;982;49100;606
../../data/allIns/knapPI_15_50_1000_62.in;50;15931;796550;15922
../../data/allIns/knapPI_15_20_1000_28.in;20;1887;37740;1886
../../data/allIns/knapPI_13_50_1000_70.in;50;18934;946700;17001
../../data/allIns/knapPI_12_20_1000_80.in;20;6924;138480;8438
../../data/allIns/knapPI_15_20_1000_16.in;20;1670;33400;1668
../../data/allIns/knapPI_14_20_1000_40.in;20;3915;78300;3115
../../data/allIns/knapPI_14_50_1000_76.in;50;18636;931800;14657
../../data/allIns/knapPI_11_20_1000_72.in;20;12628;252560;17715
../../data/allIns/knapPI_12_20_1000_84.in;20;5209;104180;4590
../../data/allIns/knapPI_12_20_1000_98.in;20;10518;210360;10840
../../data/allIns/knapPI_16_50_1000_56.in;50;13871;693550;10576
../../data/allIns/knapPI_15_20_1000_90.in;20;10560;211200;10541
../../data/allIns/knapPI_16_50_1000_46.in;50;12468;623400;10327
../../data/allIns/knapPI_12_20_1000_43.in;20;4327;86540;5539
../../data/allIns/knapPI_11_50_1000_27.in;50;10531;526550;21535
../../data/allIns/knapPI_13_20_1000_12.in;20;1008;20160;838
../../data/allIns/knapPI_13_20_1000_96.in;20;8194;163880;6686
../../data/allIns/knapPI_14_50_1000_8.in;50;1853;92650;1452
../../data/allIns/knapPI_12_200_1000_5.in;200;4827;965400;4933
../../data/allIns/knapPI_12_50_1000_88.in;50;15960;798000;16511
../../data/allIns/knapPI_16_100_1000_15.in;100;8398;839800;7061
../../data/allIns/knapPI_14_50_1000_79.in;50;19211;960550;15129
../../data/allIns/knapPI_11_50_1000_10.in;50;3188;159400;3166
../../data/allIns/knapPI_13_50_1000_20.in;50;5107;255350;4519
../../data/allIns/knapPI_14_50_1000_84.in;50;18588;929400;14488
../../data/allIns/knapPI_15_50_1000_12.in;50;2996;149800;2995
../../data/allIns/knapPI_16_20_1000_68.in;20;7184;143680;5266
../../data/allIns/knapPI_11_20_1000_58.in;20;3280;65600;3174
../../data/allIns/knapPI_13_50_1000_77.in;50;11629;581450;8892
../../data/allIns/knapPI_15_50_1000_58.in;50;15953;797650;15943
../../data/allIns/knapPI_16_20_1000_16.in;20;1670;33400;1114
../../data/allIns/knapPI_15_50_1000_44.in;50;10901;545050;10898
../../data/allIns/knapPI_12_20_1000_81.in;20;9246;184920;9222
../../data/allIns/knapPI_12_50_1000_62.in;50;19794;989700;21590
../../data/allIns/knapPI_16_50_1000_15.in;50;4554;227700;3848
../../data/allIns/knapPI_16_50_1000_45.in;50;10090;504500;8103
../../data/allIns/knapPI_16_100_1000_17.in;100;8223;822300;6848
../../data/allIns/knapPI_11_50_1000_12.in;50;4247;212350;5730
../../data/allIns/knapPI_11_50_1000_8.in;50;2991;149550;5234
../../data/allIns/knapPI_15_50_1000_76.in;50;18636;931800;18619
../../data/allIns/knapPI_13_100_1000_20.in;100;8447;844700;7476
../../data/allIns/knapPI_12_20_1000_28.in;20;5032;100640;5640
../../data/allIns/knapPI_12_20_1000_58.in;20;3280;65600;3366
../../data/allIns/knapPI_11_20_1000_95.in;20;7974;159480;8478
../../data/allIns/knapPI_12_50_1000_37.in;50;8463;423150;7878
../../data/allIns/knapPI_16_50_1000_43.in;50;11493;574650;9227
../../data/allIns/knapPI_13_20_1000_94.in;20;15885;317700;13960
../../data/allIns/knapPI_11_20_1000_78.in;20;13360;267200;17300
../../data/allIns/knapPI_15_50_1000_5.in;50;1037;51850;1035
../../data/allIns/knapPI_13_50_1000_15.in;50;5376;268800;4758
../../data/allIns/knapPI_15_20_1000_63.in;20;5378;107560;5369
../../data/allIns/knapPI_12_20_1000_3.in;20;1150;23000;1035
../../data/allIns/knapPI_13_50_1000_69.in;50;2696;134800;1442
../../data/allIns/knapPI_11_100_1000_3.in;100;1399;139900;1658
../../data/allIns/knapPI_13_20_1000_17.in;20;2650;53000;2369
../../data/allIns/knapPI_16_20_1000_97.in;20;9099;181980;7041
../../data/allIns/knapPI_13_20_1000_23.in;20;2823;56460;2548
../../data/allIns/knapPI_12_50_1000_87.in;50;11689;584450;9788
../../data/allIns/knapPI_12_20_1000_42.in;20;5895;117900;5584
../../data/allIns/knapPI_12_50_1000_93.in;50;17651;882550;17612
../../data/allIns/knapPI_14_20_1000_22.in;20;2581;51620;1981
../../data/allIns/knapPI_11_20_1000_68.in;20;3762;75240;5076
../../data/allIns/knapPI_15_100_1000_18.in;100;8933;893300;8933
../../data/allIns/knapPI_16_100_1000_10.in;100;5341;534100;4424
../../data/allIns/knapPI_14_50_1000_64.in;50;16892;844600;13628
../../data/allIns/courseExample.in;8;12;96;38
../../data/allIns/knapPI_16_20_1000_7.in;20;986;19720;645
../../data/allIns/knapPI_12_50_1000_20.in;50;10056;502800;10344
../../data/allIns/knapPI_13_50_1000_22.in;50;11110;555500;10010
../../data/allIns/knapPI_13_50_1000_54.in;50;19358;967900;17096
../../data/allIns/knapPI_12_20_1000_68.in;20;3762;75240;4076
../../data/allIns/knapPI_14_20_1000_67.in;20;5852;117040;4642
../../data/allIns/knapPI_11_50_1000_31.in;50;2909;145450;1123
../../data/allIns/knapPI_16_100_1000_2.in;100;992;99200;606
../../data/allIns/knapPI_16_50_1000_75.in;50;18550;927500;14246
../../data/allIns/knapPI_11_20_1000_50.in;20;2943;58860;2304
../../data/allIns/knapPI_12_20_1000_45.in;20;6596;131920;6725
../../data/allIns/knapPI_15_20_1000_67.in;20;5852;117040;5844
../../data/allIns/knapPI_13_20_1000_15.in;20;2447;48940;2156
../../data/allIns/knapPI_15_20_1000_54.in;20;6485;129700;6479
../../data/allIns/knapPI_15_50_1000_23.in;50;5602;280100;5601
../../data/allIns/knapPI_12_50_1000_23.in;50;8328;416400;9170
../../data/allIns/knapPI_12_50_1000_56.in;50;9243;462150;9549
../../data/allIns/knapPI_11_50_1000_51.in;50;18958;947900;37545
../../data/allIns/knapPI_16_20_1000_81.in;20;10197;203940;8129
../../data/allIns/knapPI_15_50_1000_6.in;50;1526;76300;1524
../../data/allIns/knapPI_16_50_1000_19.in;50;4595;229750;3854
../../data/allIns/knapPI_15_20_1000_9.in;20;994;19880;993
../../data/allIns/knapPI_3_100_1000_1.in;100;997;99700;5444
../../data/allIns/knapPI_12_20_1000_7.in;20;1278;25560;1442
../../data/allIns/knapPI_12_20_1000_93.in;20;7430;148600;7350
../../data/allIns/knapPI_13_100_1000_6.in;100;3882;388200;3367
../../data/allIns/knapPI_11_20_1000_25.in;20;2175;43500;6993
../../data/allIns/knapPI_11_20_1000_56.in;20;4090;81800;6270
../../data/allIns/knapPI_12_100_1000_19.in;100;8682;868200;11605
../../data/allIns/knapPI_11_50_1000_74.in;50;14690;734500;19100
../../data/allIns/knapPI_13_20_1000_30.in;20;1397;27940;1170
../../data/allIns/knapPI_16_20_1000_46.in;20;5554;111080;4470
../../data/allIns/knapPI_15_50_1000_78.in;50;14995;749750;14966
../../data/allIns/knapPI_15_50_1000_29.in;50;6353;317650;6353
../../data/allIns/knapPI_14_100_1000_2.in;100;992;99200;785
../../data/allIns/knapPI_15_100_1000_2.in;100;992;99200;991
../../data/allIns/knapPI_16_50_1000_54.in;50;15514;775700;12562
../../data/allIns/knapPI_15_50_1000_18.in;50;4400;220000;4399
../../data/allIns/knapPI_14_50_1000_66.in;50;16381;819050;13081
../../data/allIns/knapPI_12_50_1000_38.in;50;11167;558350;11415
../../data/allIns/knapPI_11_50_1000_9.in;50;3194;159700;10646
../../data/allIns/knapPI_14_20_1000_99.in;20;9848;196960;7754
../../data/allIns/knapPI_13_20_1000_76.in;20;4235;84700;3134
../../data/allIns/knapPI_11_20_1000_31.in;20;1204;24080;429
../../data/allIns/knapPI_14_100_1000_16.in;100;7853;785300;6457
../../data/allIns/knapPI_14_20_1000_91.in;20;10645;212900;8246
../../data/allIns/knapPI_14_20_1000_75.in;20;7163;143260;5566
../../data/allIns/knapPI_11_20_1000_8.in;20;1503;30060;2520
../../data/allIns/knapPI_13_50_1000_4.in;50;737;36850;559
../../data/allIns/knapPI_15_100_1000_9.in;100;3897;389700;3897
../../data/allIns/knapPI_12_50_1000_43.in;50;9994;499700;13049
../../data/allIns/knapPI_11_50_1000_29.in;50;3051;152550;1118
../../data/allIns/knapPI_15_50_1000_26.in;50;6354;317700;6354
../../data/allIns/knapPI_15_50_1000_35.in;50;8440;422000;8438
../../data/allIns/knapPI_13_20_1000_50.in;20;5505;110100;4698
../../data/allIns/knapPI_12_50_1000_59.in;50;15115;755750;15052
../../data/allIns/knapPI_16_20_1000_52.in;20;5283;105660;4022
../../data/allIns/knapPI_13_100_1000_24.in;100;4114;411400;2904
../../data/allIns/knapPI_11_100_1000_12.in;100;7719;771900;10416
../../data/allIns/knapPI_16_20_1000_54.in;20;6485;129700;5037
../../data/allIns/knapPI_15_50_1000_56.in;50;13871;693550;13862
../../data/allIns/knapPI_12_20_1000_9.in;20;1409;28180;1400
../../data/allIns/knapPI_11_20_1000_5.in;20;830;16600;2158
../../data/allIns/knapPI_13_100_1000_8.in;100;4250;425000;3667
../../data/allIns/knapPI_1_100_1000_1.in;100;995;99500;6401
../../data/allIns/knapPI_12_20_1000_97.in;20;10339;206780;10766
../../data/allIns/knapPI_14_50_1000_2.in;50;982;49100;764
../../data/allIns/knapPI_11_20_1000_23.in;20;2636;52720;6664
../../data/allIns/knapPI_13_50_1000_73.in;50;2349;117450;1079
../../data/allIns/knapPI_13_20_1000_37.in;20;4728;94560;4209
../../data/allIns/knapPI_13_20_1000_18.in;20;3682;73640;3246
../../data/allIns/knapPI_13_20_1000_57.in;20;8368;167360;7429
../../data/allIns/knapPI_11_20_1000_20.in;20;3545;70900;10747
../../data/allIns/knapPI_15_20_1000_74.in;20;8085;161700;8078
../../data/allIns/knapPI_16_200_1000_4.in;200;4218;843600;3553
../../data/allIns/knapPI_16_50_1000_31.in;50;7639;381950;6066
../../data/allIns/knapPI_15_50_1000_84.in;50;18588;929400;18564
../../data/allIns/knapPI_16_50_1000_29.in;50;6353;317650;5003
../../data/allIns/knapPI_16_100_1000_9.in;100;3897;389700;3065
../../data/allIns/knapPI_13_50_1000_84.in;50;13040;652000;10732
../../data/allIns/knapPI_12_20_1000_16.in;20;2710;54200;3032
../../data/allIns/knapPI_14_50_1000_7.in;50;1828;91400;1428
../../data/allIns/knapPI_11_50_1000_24.in;50;614;30700;132
../../data/allIns/knapPI_13_20_1000_27.in;20;3441;68820;3094
../../data/allIns/knapPI_14_50_1000_32.in;50;7670;383500;6245
../../data/allIns/knapPI_12_50_1000_74.in;50;14690;734500;16228
../../data/allIns/knapPI_14_20_1000_4.in;20;999;19980;796
../../data/allIns/knapPI_11_20_1000_85.in;20;13257;265140;14469
../../data/allIns/knapPI_13_50_1000_25.in;50;6467;323350;5723
../../data/allIns/knapPI_13_50_1000_33.in;50;11482;574100;10423
../../data/allIns/knapPI_16_20_1000_89.in;20;10788;215760;8140
../../data/allIns/knapPI_13_20_1000_83.in;20;8798;175960;7401
../../data/allIns/knapPI_13_20_1000_66.in;20;11976;239520;10768
../../data/allIns/knapPI_11_20_1000_87.in;20;3694;73880;1950
../../data/allIns/knapPI_11_20_1000_89.in;20;4846;96920;2325
../../data/allIns/knapPI_11_50_1000_39.in;50;9715;485750;6346
../../data/allIns/knapPI_11_50_1000_17.in;50;7010;350500;6359
../../data/allIns/knapPI_12_50_1000_66.in;50;19583;979150;18948
../../data/allIns/knapPI_16_20_1000_99.in;20;9848;196960;7512
../../data/allIns/knapPI_14_50_1000_73.in;50;18268;913400;14407
../../data/allIns/knapPI_12_20_1000_6.in;20;1180;23600;1372
../../data/allIns/knapPI_14_20_1000_78.in;20;5272;105440;3893
../../data/allIns/knapPI_11_50_1000_30.in;50;4219;210950;11255
../../data/allIns/knapPI_13_20_1000_34.in;20;2590;51800;2185
../../data/allIns/knapPI_16_50_1000_32.in;50;7670;383500;6066
../../data/allIns/knapPI_12_100_1000_31.in;100;6448;644800;9371
../../data/allIns/knapPI_15_20_1000_25.in;20;2396;47920;2393
../../data/allIns/knapPI_14_50_1000_62.in;50;15931;796550;12731
../../data/allIns/knapPI_14_20_1000_46.in;20;5554;111080;4426
../../data/allIns/knapPI_11_50_1000_42.in;50;13835;691750;30405
../../data/allIns/knapPI_11_20_1000_64.in;20;8819;176380;13919
../../data/allIns/knapPI_16_20_1000_65.in;20;5274;105480;4028
../../data/allIns/knapPI_15_50_1000_9.in;50;2035;101750;2034
../../data/allIns/knapPI_15_20_1000_89.in;20;10788;215760;10775
../../data/allIns/knapPI_12_20_1000_13.in;20;1858;37160;1924
../../data/allIns/knapPI_16_50_1000_28.in;50;5668;283400;4598
../../data/allIns/knapPI_12_50_1000_16.in;50;6833;341650;7652
../../data/allIns/knapPI_13_20_1000_89.in;20;12084;241680;10738
../../data/allIns/knapPI_11_50_1000_57.in;50;12106;605300;13272
../../data/allIns/knapPI_12_20_1000_51.in;20;7140;142800;7840
../../data/allIns/knapPI_12_50_1000_60.in;50;17628;881400;15990
../../data/allIns/knapPI_14_20_1000_80.in;20;6373;127460;4795
../../data/allIns/knapPI_14_50_1000_52.in;50;12850;642500;10351
../../data/allIns/knapPI_15_20_1000_77.in;20;6802;136040;6795
../../data/allIns/knapPI_14_50_1000_25.in;50;5782;289100;4656
../../data/allIns/knapPI_11_100_1000_2.in;100;900;90000;467
../../data/allIns/knapPI_16_20_1000_56.in;20;5544;110880;4188
../../data/allIns/knapPI_16_20_1000_72.in;20;7498;149960;5711
../../data/allIns/knapPI_12_20_1000_35.in;20;1602;32040;2285
../../data/allIns/knapPI_15_20_1000_14.in;20;1333;26660;1330
../../data/allIns/knapPI_11_20_1000_98.in;20;10518;210360;9118
../../data/allIns/knapPI_12_20_1000_75.in;20;7185;143700;6819
../../data/allIns/knapPI_12_20_1000_72.in;20;12628;252560;12945
../../data/allIns/knapPI_11_20_1000_75.in;20;7185;143700;7531
../../data/allIns/knapPI_14_100_1000_13.in;100;6679;667900;5499
../../data/allIns/knapPI_14_50_1000_17.in;50;4497;224850;3697
../../data/allIns/knapPI_14_50_1000_40.in;50;10634;531700;8637
../../data/allIns/knapPI_15_20_1000_35.in;20;3185;63700;3181
../../data/allIns/knapPI_11_20_1000_82.in;20;15584;311680;19196
../../data/allIns/knapPI_16_50_1000_34.in;50;8406;420300;6540
../../data/allIns/knapPI_15_50_1000_70.in;50;18391;919550;18378
../../data/allIns/knapPI_12_20_1000_29.in;20;988;19760;1073
../../data/allIns/knapPI_16_50_1000_51.in;50;12084;604200;9432
../../data/allIns/knapPI_12_20_1000_34.in;20;3212;64240;4103
../../data/allIns/knapPI_12_50_1000_33.in;50;10761;538050;9952
../../data/allIns/knapPI_14_20_1000_93.in;20;7722;154440;5817
../../data/allIns/knapPI_12_50_1000_5.in;50;1303;65150;1326
../../data/allIns/knapPI_13_50_1000_10.in;50;3296;164800;2889
../../data/allIns/knapPI_15_50_1000_4.in;50;1001;50050;999
../../data/allIns/knapPI_16_50_1000_52.in;50;12850;642500;9981
../../data/allIns/knapPI_16_20_1000_66.in;20;7712;154240;6065
../../data/allIns/knapPI_16_20_1000_77.in;20;6802;136040;4726
../../data/allIns/knapPI_13_20_1000_5.in;20;830;16600;664
../../data/allIns/knapPI_16_20_1000_45.in;20;5030;100600;3858
../../data/allIns/knapPI_16_20_1000_90.in;20;10560;211200;7788
../../data/allIns/knapPI_14_20_1000_51.in;20;4192;83840;3357
../../data/allIns/knapPI_13_50_1000_27.in;50;9329;466450;8405
../../data/allIns/knapPI_15_20_1000_13.in;20;1190;23800;1187
../../data/allIns/knapPI_15_20_1000_30.in;20;2994;59880;2993
../../data/allIns/knapPI_11_50_1000_7.in;50;2111;105550;3406
../../data/allIns/knapPI_13_50_1000_12.in;50;3064;153200;2599
../../data/allIns/knapPI_13_200_1000_5.in;200;3172;634400;2556
../../data/allIns/knapPI_11_20_1000_67.in;20;8330;166600;12558
../../data/allIns/knapPI_13_50_1000_16.in;50;5323;266150;4756
../../data/allIns/knapPI_14_20_1000_64.in;20;6706;134120;5306
../../data/allIns/knapPI_16_50_1000_8.in;50;1853;92650;1268
../../data/allIns/knapPI_13_100_1000_3.in;100;1309;130900;1071
../../data/allIns/knapPI_14_20_1000_54.in;20;6485;129700;5282
../../data/allIns/knapPI_15_50_1000_40.in;50;10634;531700;10630
../../data/allIns/knapPI_15_20_1000_60.in;20;5431;108620;5425
../../data/allIns/knapPI_11_50_1000_87.in;50;11689;584450;6227
../../data/allIns/knapPI_13_50_1000_13.in;50;5552;277600;5007
../../data/allIns/knapPI_16_50_1000_25.in;50;5782;289100;4595
../../data/allIns/knapPI_11_20_1000_52.in;20;9265;185300;14872
../../data/allIns/knapPI_16_20_1000_85.in;20;8795;175900;6811
../../data/allIns/knapPI_13_50_1000_59.in;50;19332;966600;17041
../../data/allIns/knapPI_14_20_1000_95.in;20;9645;192900;7324
../../data/allIns/knapPI_14_20_1000_15.in;20;1816;36320;1404
../../data/allIns/knapPI_11_20_1000_79.in;20;6361;127220;7492
../../data/allIns/knapPI_14_50_1000_47.in;50;11031;551550;8927
../../data/allIns/knapPI_16_50_1000_62.in;50;15931;796550;12232
../../data/allIns/knapPI_13_20_1000_20.in;20;1638;32760;1422
../../data/allIns/knapPI_14_20_1000_18.in;20;1845;36900;1440
../../data/allIns/knapPI_13_20_1000_70.in;20;4421;88420;3881
../../data/allIns/knapPI_16_100_1000_7.in;100;3491;349100;2973
../../data/allIns/knapPI_11_100_1000_10.in;100;6239;623900;6196
../../data/allIns/knapPI_15_20_1000_24.in;20;2701;54020;2700
../../data/allIns/knapPI_12_20_1000_10.in;20;1450;29000;1557
../../data/allIns/f3_l-d_kp_4_20.in;4;20;80;29
../../data/allIns/knapPI_16_50_1000_10.in;50;2520;126000;1925
../../data/allIns/knapPI_14_50_1000_39.in;50;10494;524700;8544
../../data/allIns/knapPI_14_100_1000_7.in;100;3491;349100;2890
../../data/allIns/knapPI_16_200_1000_3.in;200;2873;574600;2315
../../data/allIns/knapPI_15_50_1000_38.in;50;8930;446500;8928
../../data/allIns/knapPI_15_100_1000_8.in;100;4122;412200;4122
../../data/allIns/knapPI_11_50_1000_18.in;50;8150;407500;12834
../../data/allIns/knapPI_13_100_1000_69.in;100;5151;515100;2755
../../data/allIns/knapPI_12_50_1000_53.in;50;10843;542150;12745
../../data/allIns/knapPI_14_50_1000_48.in;50;12703;635150;10299
../../data/allIns/knapPI_15_50_1000_57.in;50;16029;801450;16020
../../data/allIns/knapPI_16_20_1000_14.in;20;1333;26660;1010
../../data/allIns/knapPI_13_20_1000_54.in;20;8499;169980;7486
../../data/allIns/knapPI_16_20_1000_30.in;20;2994;59880;2186
../../data/allIns/knapPI_15_200_1000_2.in;200;1998;399600;1998
../../data/allIns/knapPI_11_20_1000_4.in;20;1251;25020;1381
../../data/allIns/knapPI_15_20_1000_75.in;20;7163;143260;7155
../../data/allIns/knapPI_12_20_1000_44.in;20;5247;104940;5679
../../data/allIns/knapPI_12_20_1000_18.in;20;3329;66580;3424
../../data/allIns/knapPI_12_50_1000_9.in;50;3194;159700;3413
../../data/allIns/knapPI_16_50_1000_5.in;50;1037;51850;671
../../data/allIns/knapPI_16_20_1000_29.in;20;2146;42920;1569
../../data/allIns/knapPI_15_20_1000_82.in;20;8381;167620;8369
../../data/allIns/knapPI_15_100_1000_6.in;100;3011;301100;3011
../../data/allIns/knapPI_13_20_1000_48.in;20;2814;56280;2151
../../data/allIns/knapPI_14_50_1000_74.in;50;19527;976350;15224
../../data/allIns/knapPI_12_20_1000_57.in;20;4878;97560;4448
../../data/allIns/knapPI_11_20_1000_27.in;20;3484;69680;7098
../../data/allIns/knapPI_15_50_1000_7.in;50;1828;91400;1827
../../data/allIns/knapPI_13_100_1000_10.in;100;6232;623200;5462
../../data/allIns/knapPI_15_100_1000_4.in;100;2034;203400;2034
../../data/allIns/knapPI_13_50_1000_63.in;50;14055;702750;12089
../../data/allIns/knapPI_14_20_1000_47.in;20;3934;78680;3018
../../data/allIns/knapPI_11_20_1000_65.in;20;10107;202140;14634
../../data/allIns/knapPI_15_20_1000_48.in;20;4474;89480;4469
../../data/allIns/knapPI_14_20_1000_14.in;20;1333;26660;998
../../data/allIns/knapPI_15_200_1000_4.in;200;4218;843600;4218
../../data/allIns/knapPI_15_50_1000_14.in;50;3732;186600;3732
../../data/allIns/knapPI_14_20_1000_84.in;20;6765;135300;5165
../../data/allIns/knapPI_11_50_1000_47.in;50;15242;762100;30428
../../data/allIns/knapPI_11_50_1000_93.in;50;17651;882550;19170
../../data/allIns/knapPI_16_20_1000_94.in;20;11439;228780;8425
../../data/allIns/knapPI_16_50_1000_73.in;50;18268;913400;13537
../../data/allIns/knapPI_16_50_1000_14.in;50;3732;186600;3011
../../data/allIns/knapPI_13_20_1000_46.in;20;6122;122440;5456
../../data/allIns/knapPI_14_50_1000_22.in;50;5569;278450;4564
../../data/allIns/knapPI_13_20_1000_39.in;20;4240;84800;3634
../../data/allIns/knapPI_14_50_1000_58.in;50;15953;797650;12846
../../data/allIns/knapPI_15_20_1000_98.in;20;11095;221900;11074
../../data/allIns/knapPI_13_20_1000_49.in;20;3152;63040;2511
../../data/allIns/knapPI_11_20_1000_45.in;20;6596;131920;14805
../../data/allIns/knapPI_16_20_1000_64.in;20;6706;134120;5017
../../data/allIns/knapPI_16_50_1000_78.in;50;14995;749750;10394
../../data/allIns/knapPI_14_20_1000_92.in;20;9814;196280;7601
../../data/allIns/knapPI_16_100_1000_6.in;100;3011;301100;2264
../../data/allIns/knapPI_11_50_1000_25.in;50;5565;278250;18476
../../data/allIns/knapPI_14_50_1000_43.in;50;11493;574650;9317
../../data/allIns/knapPI_11_20_1000_13.in;20;1858;37160;9148
../../data/allIns/knapPI_16_50_1000_30.in;50;7471;373550;5921
../../data/allIns/knapPI_11_50_1000_32.in;50;5041;252050;9180
../../data/allIns/knapPI_15_20_1000_52.in;20;5283;105660;5277
../../data/allIns/knapPI_16_20_1000_9.in;20;994;19880;619
../../data/allIns/knapPI_13_20_1000_82.in;20;8423;168460;7190
../../data/allIns/knapPI_14_20_1000_89.in;20;10788;215760;8574
../../data/allIns/knapPI_16_50_1000_23.in;50;5602;280100;4595
../../data/allIns/knapPI_15_20_1000_34.in;20;3423;68460;3421
../../data/allIns/knapPI_14_50_1000_78.in;50;14995;749750;11593
../../data/allIns/knapPI_13_50_1000_6.in;50;1842;92100;1591
../../data/allIns/knapPI_14_50_1000_41.in;50;9958;497900;8058
../../data/allIns/knapPI_11_20_1000_39.in;20;3578;71560;2328
../../data/allIns/knapPI_15_50_1000_69.in;50;16264;813200;16250
../../data/allIns/knapPI_13_50_1000_8.in;50;2174;108700;1876
../../data/allIns/knapPI_13_20_1000_8.in;20;1260;25200;1080
../../data/allIns/knapPI_12_20_1000_73.in;20;8235;164700;9567
../../data/allIns/knapPI_14_50_1000_69.in;50;16264;813200;12762
../../data/allIns/knapPI_16_50_1000_27.in;50;7221;361050;5816
../../data/allIns/knapPI_16_50_1000_16.in;50;4125;206250;3209
../../data/allIns/knapPI_15_20_1000_73.in;20;6813;136260;6805
../../data/allIns/knapPI_14_20_1000_81.in;20;10197;203940;8197
../../data/allIns/knapPI_15_100_1000_13.in;100;6679;667900;6679
../../data/allIns/knapPI_13_100_1000_4.in;100;1315;131500;1019
../../data/allIns/knapPI_16_50_1000_61.in;50;12639;631950;9475
../../data/allIns/knapPI_15_20_1000_92.in;20;9814;196280;9801
../../data/allIns/knapPI_15_200_1000_3.in;200;2873;574600;2873
../../data/allIns/knapPI_16_20_1000_36.in;20;2990;59800;2071
../../data/allIns/knapPI_11_20_1000_55.in;20;5037;100740;8303
../../data/allIns/knapPI_14_50_1000_51.in;50;12084;604200;9687
../../data/allIns/knapPI_13_20_1000_14.in;20;1818;36360;1596
../../data/allIns/knapPI_12_50_1000_51.in;50;18958;947900;21331
../../data/allIns/knapPI_16_20_1000_79.in;20;7658;153160;5639
../../data/allIns/knapPI_15_20_1000_6.in;20;928;18560;924
../../data/allIns/knapPI_16_20_1000_27.in;20;2820;56400;2036
../../data/allIns/knapPI_15_50_1000_2.in;50;982;49100;981
../../data/allIns/knapPI_11_50_1000_13.in;50;4866;243300;25847
../../data/allIns/knapPI_14_50_1000_80.in;50;18125;906250;14125
../../data/allIns/knapPI_16_50_1000_77.in;50;17649;882450;12932
../../data/allIns/knapPI_13_100_1000_68.in;100;8495;849500;5405
../../data/allIns/knapPI_14_20_1000_96.in;20;8758;175160;6553
../../data/allIns/knapPI_11_20_1000_35.in;20;1602;32040;650
../../data/allIns/knapPI_4_100_10000000_91.in;100;472454358;795544;524372420
../../data/allIns/knapPI_16_20_1000_59.in;20;5981;119620;4256
../../data/allIns/knapPI_11_20_1000_48.in;20;4584;91680;5347
../../data/allIns/knapPI_13_20_1000_2.in;20;1710;34200;1520
../../data/allIns/knapPI_12_50_1000_14.in;50;5981;299050;6050
../../data/allIns/knapPI_11_50_1000_48.in;50;15229;761450;17340
../../data/allIns/knapPI_16_20_1000_51.in;20;4192;83840;3189
../../data/allIns/knapPI_14_20_1000_16.in;20;1670;33400;1250
../../data/allIns/knapPI_12_20_1000_15.in;20;2799;55980;3123
../../data/allIns/knapPI_11_50_1000_58.in;50;9954;497700;9742
../../data/allIns/knapPI_15_100_1000_15.in;100;8398;839800;8398
../../data/allIns/knapPI_13_20_1000_99.in;20;12835;256700;10950
../../data/allIns/knapPI_12_50_1000_6.in;50;1768;88400;2062
../../data/allIns/knapPI_16_100_1000_8.in;100;4122;412200;3305
../../data/allIns/knapPI_13_20_1000_90.in;20;13942;278840;12083
../../data/allIns/knapPI_14_20_1000_83.in;20;9761;195220;7648
../../data/allIns/knapPI_12_50_1000_12.in;50;4247;212350;4065
../../data/allIns/knapPI_15_20_1000_70.in;20;8036;160720;8031
../../data/allIns/knapPI_11_50_1000_49.in;50;19665;983250;40535
../../data/allIns/knapPI_12_50_1000_89.in;50;9936;496800;11258
../../data/allIns/knapPI_12_100_1000_5.in;100;2484;248400;2538
../../data/allIns/knapPI_12_20_1000_40.in;20;4698;93960;5499
../../data/allIns/knapPI_15_50_1000_37.in;50;8944;447200;8942
../../data/allIns/knapPI_14_20_1000_45.in;20;5030;100600;4028
../../data/allIns/knapPI_16_100_1000_5.in;100;2213;221300;1784
../../data/allIns/knapPI_15_50_1000_3.in;50;998;49900;996
../../data/allIns/knapPI_16_20_1000_13.in;20;1190;23800;975
../../data/allIns/knapPI_12_20_1000_30.in;20;2269;45380;1909
../../data/allIns/knapPI_15_50_1000_27.in;50;7221;361050;7221
../../data/allIns/knapPI_13_50_1000_88.in;50;12843;642150;10248
../../data/allIns/knapPI_16_20_1000_40.in;20;3915;78300;2798
../../data/allIns/knapPI_11_200_1000_5.in;200;4827;965400;12923
../../data/allIns/knapPI_12_20_1000_37.in;20;3667;73340;3424
../../data/allIns/knapPI_16_20_1000_75.in;20;7163;143260;5152
../../data/allIns/knapPI_12_20_1000_62.in;20;7106;142120;7788
../../data/allIns/knapPI_12_200_1000_2.in;200;1398;279600;1364
../../data/allIns/knapPI_12_200_1000_4.in;200;4560;912000;4913
../../data/allIns/knapPI_15_20_1000_38.in;20;3107;62140;3102
../../data/allIns/knapPI_11_20_1000_43.in;20;4327;86540;6882
../../data/allIns/knapPI_15_20_1000_97.in;20;9099;181980;9088
../../data/allIns/knapPI_15_20_1000_4.in;20;999;19980;999
../../data/allIns/knapPI_14_50_1000_20.in;50;4923;246150;3969
../../data/allIns/knapPI_13_20_1000_60.in;20;7508;150160;6640
../../data/allIns/knapPI_14_20_1000_72.in;20;7498;149960;5982
../../data/allIns/knapPI_15_20_1000_17.in;20;1868;37360;1865
../../data/allIns/knapPI_13_20_1000_29.in;20;520;10400;300
../../data/allIns/knapPI_16_20_1000_50.in;20;4623;92460;3705
../../data/allIns/knapPI_11_50_1000_60.in;50;17628;881400;26997
../../data/allIns/knapPI_16_20_1000_43.in;20;4989;99780;3710
../../data/allIns/knapPI_13_20_1000_67.in;20;7863;157260;7046
../../data/allIns/knapPI_15_50_1000_25.in;50;5782;289100;5782
../../data/allIns/knapPI_13_50_1000_50.in;50;13742;687100;11750
../../data/allIns/knapPI_15_20_1000_71.in;20;7175;143500;7167
../../data/allIns/knapPI_11_100_1000_35.in;100;8072;807200;3429
../../data/allIns/knapPI_16_20_1000_38.in;20;3107;62140;2267
../../data/allIns/knapPI_11_50_1000_21.in;50;3964;198200;18549
../../data/allIns/knapPI_16_20_1000_35.in;20;3185;63700;2372
../../data/allIns/knapPI_11_20_1000_26.in;20;2623;52460;3752
../../data/allIns/knapPI_11_50_1000_41.in;50;10811;540550;22152
../../data/allIns/knapPI_15_20_1000_61.in;20;4683;93660;4675
../../data/allIns/knapPI_15_20_1000_91.in;20;10645;212900;10627
../../data/allIns/knapPI_15_20_1000_95.in;20;9645;192900;9629
../../data/allIns/knapPI_13_20_1000_4.in;20;690;13800;525
../../data/allIns/knapPI_11_20_1000_73.in;20;8235;164700;10584
../../data/allIns/knapPI_12_50_1000_21.in;50;3964;198200;3762
../../data/allIns/f4_l-d_kp_4_11.in;4;11;44;19
../../data/allIns/knapPI_15_20_1000_80.in;20;6373;127460;6366
../../data/allIns/knapPI_13_50_1000_5.in;50;836;41800;664
../../data/allIns/knapPI_15_50_1000_96.in;50;19727;986350;19689
../../data/allIns/knapPI_12_20_1000_52.in;20;9265;185300;10396
../../data/allIns/knapPI_16_20_1000_19.in;20;2129;42580;1610
../../data/allIns/knapPI_15_50_1000_30.in;50;7471;373550;7469
../../data/allIns/knapPI_11_100_1000_8.in;100;6601;660100;11551
../../data/allIns/knapPI_16_20_1000_71.in;20;7175;143500;5160
../../data/allIns/knapPI_12_50_1000_13.in;50;4866;243300;5181
../../data/allIns/knapPI_14_20_1000_94.in;20;11439;228780;9038
../../data/allIns/knapPI_13_20_1000_16.in;20;2182;43640;1892
../../data/allIns/knapPI_13_50_1000_45.in;50;8354;417700;6901
../../data/allIns/knapPI_14_50_1000_6.in;50;1526;76300;1126
../../data/allIns/knapPI_14_20_1000_23.in;20;2222;44440;1817
../../data/allIns/knapPI_14_50_1000_60.in;50;13776;688800;10910
../../data/allIns/knapPI_16_100_1000_19.in;100;9238;923800;7611
../../data/allIns/knapPI_14_20_1000_66.in;20;7712;154240;6191
../../data/allIns/knapPI_12_20_1000_82.in;20;15584;311680;14785
../../data/allIns/knapPI_14_20_1000_24.in;20;2701;54020;2101
../../data/allIns/knapPI_13_50_1000_24.in;50;1739;86950;1227
../../data/allIns/knapPI_15_50_1000_71.in;50;15617;780850;15595
../../data/allIns/knapPI_13_100_1000_5.in;100;1594;159400;1284
../../data/allIns/knapPI_15_20_1000_22.in;20;2581;51620;2579
../../data/allIns/knapPI_15_50_1000_10.in;50;2520;126000;2520
../../data/allIns/knapPI_15_100_1000_3.in;100;1465;146500;1465
../../data/allIns/knapPI_15_100_1000_10.in;100;5341;534100;5341
../../data/allIns/knapPI_14_50_1000_26.in;50;6354;317700;5154
../../data/allIns/knapPI_14_20_1000_33.in;20;4219;84380;3419
../../data/allIns/knapPI_12_20_1000_2.in;20;900;18000;869
../../data/allIns/knapPI_12_20_1000_8.in;20;1503;30060;1638
../../data/allIns/knapPI_11_20_1000_37.in;20;3667;73340;2736
../../data/allIns/knapPI_16_20_1000_98.in;20;11095;221900;8266
../../data/allIns/knapPI_13_50_1000_11.in;50;2925;146250;2485
../../data/allIns/knapPI_14_20_1000_25.in;20;2396;47920;1856
../../data/allIns/knapPI_14_50_1000_67.in;50;14931;746550;12028
../../data/allIns/knapPI_13_50_1000_32.in;50;4998;249900;3899
../../data/allIns/knapPI_15_50_1000_32.in;50;7670;383500;7669
../../data/allIns/knapPI_14_20_1000_88.in;20;7213;144260;5459
../../data/allIns/knapPI_11_20_1000_97.in;20;10339;206780;10766
../../data/allIns/knapPI_11_50_1000_35.in;50;3692;184600;1568
../../data/allIns/knapPI_11_50_1000_56.in;50;9243;462150;12864
../../data/allIns/knapPI_15_20_1000_32.in;20;3152;63040;3149
../../data/allIns/knapPI_15_20_1000_40.in;20;3915;78300;3910
../../data/allIns/knapPI_14_50_1000_72.in;50;18245;912250;14643
../../data/allIns/knapPI_16_20_1000_4.in;20;999;19980;623
../../data/allIns/knapPI_12_100_1000_9.in;100;6292;629200;6724
../../data/allIns/knapPI_15_20_1000_79.in;20;7658;153160;7642
../../data/allIns/knapPI_16_50_1000_35.in;50;8440;422000;6686
../../data/allIns/knapPI_13_20_1000_95.in;20;10234;204680;8469
../../data/allIns/knapPI_16_50_1000_7.in;50;1828;91400;1261
../../data/allIns/knapPI_13_50_1000_35.in;50;6002;300100;5092
../../data/allIns/knapPI_13_100_1000_11.in;100;5863;586300;4981
../../data/allIns/knapPI_12_200_1000_24.in;200;2428;485600;7490
../../data/allIns/knapPI_15_50_1000_8.in;50;1853;92650;1852
../../data/allIns/knapPI_14_50_1000_35.in;50;8440;422000;6840
../../data/allIns/knapPI_12_50_1000_84.in;50;13595;679750;12041
../../data/allIns/knapPI_12_100_1000_10.in;100;6239;623900;6853
../../data/allIns/knapPI_11_50_1000_23.in;50;8328;416400;21198
../../data/allIns/knapPI_15_20_1000_51.in;20;4192;83840;4186
../../data/allIns/knapPI_12_20_1000_39.in;20;3578;71560;3417
../../data/allIns/knapPI_13_20_1000_3.in;20;900;18000;720
../../data/allIns/knapPI_14_50_1000_65.in;50;16307;815350;12995
../../data/allIns/knapPI_16_20_1000_88.in;20;7213;144260;4986
../../data/allIns/knapPI_13_20_1000_47.in;20;4336;86720;3720
../../data/allIns/knapPI_11_20_1000_30.in;20;2269;45380;6474
../../data/allIns/knapPI_14_50_1000_96.in;50;19727;986350;15027
../../data/allIns/knapPI_16_20_1000_62.in;20;5531;110620;4277
../../data/allIns/knapPI_13_20_1000_79.in;20;5306;106120;4379
../../data/allIns/knapPI_11_50_1000_89.in;50;9936;496800;4787
../../data/allIns/knapPI_13_200_1000_3.in;200;2579;515800;2110
../../data/allIns/knapPI_14_50_1000_56.in;50;13871;693550;11071
../../data/allIns/knapPI_16_50_1000_70.in;50;18391;919550;14431
../../data/allIns/knapPI_13_50_1000_49.in;50;7981;399050;6400
../../data/allIns/knapPI_13_20_1000_98.in;20;14843;296860;12964
../../data/allIns/knapPI_12_20_1000_61.in;20;10025;200500;10700
../../data/allIns/knapPI_12_20_1000_56.in;20;4090;81800;4162
../../data/allIns/knapPI_12_20_1000_95.in;20;7974;159480;8183
../../data/allIns/knapPI_14_20_1000_11.in;20;986;19720;596
../../data/allIns/knapPI_13_50_1000_36.in;50;5901;295050;4755
../../data/allIns/knapPI_15_20_1000_68.in;20;7184;143680;7177
../../data/allIns/knapPI_15_20_1000_88.in;20;7213;144260;7199
../../data/allIns/knapPI_11_200_1000_4.in;200;4560;912000;5244
../../data/allIns/knapPI_13_50_1000_52.in;50;12683;634150;10921
../../data/allIns/knapPI_12_50_1000_26.in;50;7337;366850;7952
../../data/allIns/knapPI_12_50_1000_45.in;50;16232;811600;16521
../../data/allIns/knapPI_12_50_1000_39.in;50;9715;485750;9313
../../data/allIns/knapPI_14_20_1000_7.in;20;986;19720;730
../../data/allIns/knapPI_11_20_1000_6.in;20;1180;23600;882
../../data/allIns/knapPI_11_20_1000_77.in;20;7623;152460;9880
../../data/allIns/knapPI_15_100_1000_17.in;100;8223;822300;8223
../../data/allIns/knapPI_12_50_1000_48.in;50;15229;761450;14798
../../data/allIns/knapPI_11_100_1000_29.in;100;6298;629800;2309
../../data/allIns/knapPI_14_50_1000_15.in;50;4554;227700;3754
../../data/allIns/knapPI_14_20_1000_68.in;20;7184;143680;5668
../../data/allIns/knapPI_14_20_1000_55.in;20;4377;87540;3366
../../data/allIns/knapPI_14_50_1000_28.in;50;5668;283400;4565
../../data/allIns/knapPI_11_50_1000_36.in;50;7129;356450;16305
../../data/allIns/knapPI_14_50_1000_37.in;50;8944;447200;7236
../../data/allIns/knapPI_11_50_1000_63.in;50;4973;248650;7086
../../data/allIns/knapPI_16_20_1000_60.in;20;5431;108620;4054
../../data/allIns/knapPI_13_50_1000_26.in;50;11730;586500;10607
../../data/allIns/knapPI_14_20_1000_5.in;20;963;19260;559
../../data/allIns/knapPI_12_100_1000_29.in;100;6298;629800;6881
../../data/allIns/knapPI_16_20_1000_15.in;20;1816;36320;1154
../../data/allIns/knapPI_11_50_1000_2.in;50;900;45000;450
../../data/allIns/knapPI_13_20_1000_87.in;20;8075;161500;6905
../../data/allIns/knapPI_14_20_1000_60.in;20;5431;108620;4128
../../data/allIns/knapPI_12_50_1000_90.in;50;17779;888950;18812
../../data/allIns/knapPI_13_20_1000_32.in;20;2082;41640;1597
../../data/allIns/knapPI_11_20_1000_76.in;20;7548;150960;10032
../../data/allIns/knapPI_14_20_1000_58.in;20;6442;128840;5133
../../data/allIns/knapPI_11_50_1000_84.in;50;13595;679750;15296
../../data/allIns/knapPI_12_100_1000_4.in;100;2292;229200;2469
../../data/allIns/knapPI_11_50_1000_50.in;50;8484;424200;6902
../../data/allIns/knapPI_11_20_1000_38.in;20;5467;109340;13259
../../data/allIns/knapPI_14_20_1000_30.in;20;2994;59880;2392
../../data/allIns/knapPI_13_50_1000_17.in;50;6631;331550;6014
../../data/allIns/knapPI_14_20_1000_17.in;20;1868;37360;1461
../../data/allIns/knapPI_16_50_1000_20.in;50;4923;246150;3881
../../data/allIns/knapPI_16_50_1000_74.in;50;19527;976350;14379
../../data/allIns/knapPI_13_50_1000_3.in;50;900;45000;720
../../data/allIns/knapPI_16_20_1000_22.in;20;2581;51620;1981
../../data/allIns/knapPI_11_20_1000_28.in;20;5032;100640;16453
../../data/allIns/knapPI_14_20_1000_87.in;20;9240;184800;7245
../../data/allIns/knapPI_11_50_1000_22.in;50;6056;302800;6227
../../data/allIns/knapPI_14_20_1000_61.in;20;4683;93660;3614
../../data/allIns/knapPI_13_20_1000_42.in;20;4201;84020;3677
../../data/allIns/knapPI_13_20_1000_88.in;20;4366;87320;3476
../../data/allIns/knapPI_13_50_1000_19.in;50;7476;373800;6541
../../data/allIns/knapPI_12_20_1000_60.in;20;6239;124780;5647
../../data/allIns/knapPI_2_200_1000_1.in;200;1008;201600;11432
../../data/allIns/knapPI_12_20_1000_54.in;20;9829;196580;9859
../../data/allIns/knapPI_16_20_1000_31.in;20;3498;69960;2919
../../data/allIns/knapPI_15_20_1000_56.in;20;5544;110880;5540
../../data/allIns/knapPI_14_100_1000_4.in;100;2034;203400;1634
../../data/allIns/f9_l-d_kp_5_80.in;5;80;400;80
../../data/allIns/knapPI_12_50_1000_10.in;50;3188;159400;3501
../../data/allIns/knapPI_15_50_1000_36.in;50;7014;350700;7014
../../data/allIns/knapPI_15_20_1000_26.in;20;3164;63280;3161
../../data/allIns/knapPI_15_50_1000_63.in;50;14741;737050;14727
../../data/allIns/knapPI_12_100_1000_12.in;100;7719;771900;7389
../../data/allIns/knapPI_14_20_1000_8.in;20;947;18940;731
../../data/allIns/knapPI_13_20_1000_63.in;20;5394;107880;4575
../../data/allIns/knapPI_16_50_1000_6.in;50;1526;76300;1049
../../data/allIns/knapPI_14_20_1000_49.in;20;4406;88120;3563
../../data/allIns/knapPI_14_100_1000_15.in;100;8398;839800;6943
../../data/allIns/knapPI_16_20_1000_91.in;20;10645;212900;7439
../../data/allIns/knapPI_11_20_1000_94.in;20;9217;184340;8230
../../data/allIns/knapPI_16_20_1000_92.in;20;9814;196280;6871
../../data/allIns/knapPI_13_50_1000_34.in;50;7511;375550;6583
../../data/allIns/knapPI_12_20_1000_92.in;20;9455;189100;9564
../../data/allIns/knapPI_15_50_1000_54.in;50;15514;775700;15501
../../data/allIns/knapPI_11_20_1000_70.in;20;4931;98620;5488
../../data/allIns/knapPI_14_20_1000_2.in;20;946;18920;742
../../data/allIns/knapPI_11_100_1000_21.in;100;9037;903700;42325
../../data/allIns/knapPI_12_100_1000_21.in;100;9037;903700;8577
../../data/allIns/knapPI_16_20_1000_95.in;20;9645;192900;6821
../../data/allIns/knapPI_12_50_1000_70.in;50;11990;599500;12562
../../data/allIns/knapPI_15_20_1000_21.in;20;2264;45280;2261
../../data/allIns/knapPI_11_50_1000_11.in;50;3856;192800;23400
../../data/allIns/knapPI_11_200_1000_24.in;200;2428;485600;556
../../data/allIns/knapPI_13_50_1000_7.in;50;1648;82400;1397
../../data/allIns/knapPI_14_50_1000_38.in;50;8930;446500;7130
../../data/allIns/knapPI_15_100_1000_16.in;100;7853;785300;7853
../../data/allIns/knapPI_14_20_1000_26.in;20;3164;63280;2564
../../data/allIns/knapPI_13_50_1000_56.in;50;14382;719100;12169
../../data/allIns/knapPI_12_20_1000_38.in;20;5467;109340;5551
../../data/allIns/knapPI_15_100_1000_19.in;100;9238;923800;9238
../../data/allIns/knapPI_13_20_1000_65.in;20;11298;225960;10196
../../data/allIns/knapPI_14_50_1000_9.in;50;2035;101750;1625
../../data/allIns/knapPI_12_20_1000_64.in;20;8819;176380;8595
../../data/allIns/knapPI_11_100_1000_4.in;100;2292;229200;2635
../../data/allIns/knapPI_12_50_1000_19.in;50;4525;226250;6061
../../data/allIns/knapPI_12_20_1000_11.in;20;1700;34000;1654
../../data/allIns/knapPI_15_20_1000_78.in;20;5272;105440;5258
../../data/allIns/knapPI_12_20_1000_86.in;20;15645;312900;15568
../../data/allIns/knapPI_13_20_1000_33.in;20;4115;82300;3672
../../data/allIns/knapPI_16_20_1000_96.in;20;8758;175160;5877
../../data/allIns/knapPI_11_100_1000_11.in;100;8024;802400;48865
../../data/allIns/knapPI_13_100_1000_7.in;100;3758;375800;3188
../../data/allIns/knapPI_13_50_1000_2.in;50;1900;95000;1710
../../data/allIns/knapPI_15_50_1000_61.in;50;12639;631950;12629
../../data/allIns/knapPI_13_20_1000_86.in;20;13666;273320;11906
../../data/allIns/knapPI_16_100_1000_11.in;100;5368;536800;4403
../../data/allIns/knapPI_12_50_1000_27.in;50;10531;526550;10648
../../data/allIns/knapPI_12_20_1000_99.in;20;15679;313580;15827
../../data/allIns/knapPI_14_100_1000_3.in;100;1465;146500;1065
../../data/allIns/knapPI_15_50_1000_77.in;50;17649;882450;17633
../../data/allIns/knapPI_15_20_1000_85.in;20;8795;175900;8780
../../data/allIns/knapPI_11_20_1000_99.in;20;15679;313580;15675
../../data/allIns/knapPI_15_20_1000_39.in;20;4219;84380;4213
../../data/allIns/knapPI_11_20_1000_63.in;20;1858;37160;2732
../../data/allIns/knapPI_13_20_1000_11.in;20;1231;24620;1017
../../data/allIns/knapPI_14_20_1000_74.in;20;8085;161700;6272
../../data/allIns/knapPI_12_100_1000_24.in;100;1196;119600;3813
../../data/allIns/knapPI_12_50_1000_69.in;50;17683;884150;16577
../../data/allIns/knapPI_12_20_1000_87.in;20;3694;73880;3136
../../data/allIns/knapPI_11_20_1000_10.in;20;1450;29000;1305
../../data/allIns/knapPI_13_50_1000_51.in;50;13975;698750;11825
../../data/allIns/knapPI_12_50_1000_49.in;50;19665;983250;21642
../../data/allIns/knapPI_13_20_1000_31.in;20;2439;48780;2020
../../data/allIns/knapPI_11_50_1000_70.in;50;11990;599500;13527
../../data/allIns/knapPI_15_20_1000_44.in;20;4652;93040;4648
../../data/allIns/knapPI_13_20_1000_28.in;20;3323;66460;2955
../../data/allIns/knapPI_14_50_1000_54.in;50;15514;775700;12710
../../data/allIns/knapPI_16_50_1000_40.in;50;10634;531700;8533
../../data/allIns/knapPI_15_20_1000_37.in;20;3556;71120;3553
../../data/allIns/knapPI_14_20_1000_71.in;20;7175;143500;5575
../../data/allIns/knapPI_15_20_1000_12.in;20;1151;23020;1148
../../data/allIns/knapPI_16_50_1000_50.in;50;12473;623650;10299
../../data/allIns/knapPI_16_20_1000_67.in;20;5852;117040;4485
../../data/allIns/knapPI_12_20_1000_53.in;20;5163;103260;5976
../../data/allIns/knapPI_16_20_1000_86.in;20;10315;206300;7871
../../data/allIns/knapPI_13_50_1000_23.in;50;7369;368450;6686
../../data/allIns/knapPI_14_50_1000_61.in;50;12639;631950;9938
../../data/allIns/knapPI_12_50_1000_55.in;50;15897;794850;15993
../../data/allIns/knapPI_13_20_1000_52.in;20;4458;89160;3779
../../data/allIns/knapPI_11_50_1000_44.in;50;14463;723150;18157
../../data/allIns/knapPI_15_20_1000_94.in;20;11439;228780;11418
../../data/allIns/knapPI_14_20_1000_28.in;20;1887;37740;1351
../../data/allIns/knapPI_16_20_1000_73.in;20;6813;136260;4794
../../data/allIns/knapPI_11_20_1000_19.in;20;1358;27160;1260
../../data/allIns/knapPI_14_20_1000_82.in;20;8381;167620;6747
../../data/allIns/knapPI_14_20_1000_19.in;20;2129;42580;1665
../../data/allIns/knapPI_12_20_1000_26.in;20;2623;52460;2800
../../data/allIns/knapPI_14_20_1000_43.in;20;4989;99780;3988
../../data/allIns/knapPI_16_20_1000_23.in;20;2222;44440;1773
../../data/allIns/knapPI_16_20_1000_70.in;20;8036;160720;6359
../../data/allIns/knapPI_15_20_1000_27.in;20;2820;56400;2819
../../data/allIns/knapPI_13_50_1000_14.in;50;5010;250500;4434
../../data/allIns/knapPI_15_100_1000_12.in;100;6244;624400;6244
../../data/allIns/knapPI_14_20_1000_34.in;20;3423;68460;2670
../../data/allIns/knapPI_11_50_1000_69.in;50;17683;884150;19790
../../data/allIns/knapPI_15_50_1000_59.in;50;14765;738250;14757
../../data/allIns/knapPI_16_20_1000_61.in;20;4683;93660;3371
../../data/allIns/knapPI_15_20_1000_87.in;20;9240;184800;9226
../../data/allIns/knapPI_13_50_1000_39.in;50;10811;540550;9309
../../data/allIns/knapPI_13_50_1000_55.in;50;17297;864850;15426
../../data/allIns/knapPI_11_50_1000_59.in;50;15115;755750;20693
../../data/allIns/knapPI_14_20_1000_12.in;20;1151;23020;836
../../data/allIns/knapPI_14_20_1000_20.in;20;1907;38140;1428
../../data/allIns/knapPI_16_50_1000_37.in;50;8944;447200;7294
../../data/allIns/knapPI_14_20_1000_13.in;20;1190;23800;975
../../data/allIns/knapPI_14_200_1000_4.in;200;4218;843600;3485
../../data/allIns/knapPI_15_50_1000_60.in;50;13776;688800;13768
../../data/allIns/f6_l-d_kp_10_60.in;10;60;600;21
../../data/allIns/knapPI_14_50_1000_49.in;50;9758;487900;7759
../../data/allIns/knapPI_13_20_1000_71.in;20;6714;134280;5904
../../data/allIns/knapPI_14_50_1000_23.in;50;5602;280100;4602
../../data/allIns/knapPI_16_50_1000_47.in;50;11031;551550;8855
../../data/allIns/knapPI_14_20_1000_79.in;20;7658;153160;6038
../../data/allIns/knapPI_16_50_1000_58.in;50;15953;797650;12358
../../data/allIns/knapPI_14_20_1000_3.in;20;998;19960;743
../../data/allIns/knapPI_15_20_1000_62.in;20;5531;110620;5522
../../data/allIns/knapPI_14_50_1000_36.in;50;7014;350700;5563
../../data/allIns/knapPI_12_200_1000_3.in;200;2753;550600;2492
../../data/allIns/knapPI_15_20_1000_81.in;20;10197;203940;10183
../../data/allIns/knapPI_16_50_1000_59.in;50;14765;738250;11170
../../data/allIns/knapPI_14_100_1000_14.in;100;7368;736800;6092
../../data/allIns/knapPI_13_20_1000_85.in;20;12340;246800;10837
../../data/allIns/knapPI_12_20_1000_41.in;20;3907;78140;3873
../../data/allIns/knapPI_11_50_1000_3.in;50;1150;57500;1265
../../data/allIns/knapPI_13_20_1000_38.in;20;4214;84280;3672
../../data/allIns/knapPI_15_20_1000_76.in;20;7981;159620;7971
../../data/allIns/knapPI_16_20_1000_78.in;20;5272;105440;3464
../../data/allIns/knapPI_3_200_1000_1.in;200;997;199400;6696
../../data/allIns/knapPI_12_100_1000_6.in;100;3598;359800;4197
../../data/allIns/knapPI_16_50_1000_96.in;50;19727;986350;13703
../../data/allIns/knapPI_14_100_1000_19.in;100;9238;923800;7579
../../data/allIns/knapPI_16_20_1000_26.in;20;3164;63280;2383
../../data/allIns/knapPI_16_50_1000_26.in;50;6354;317700;5043
../../data/allIns/knapPI_16_100_1000_16.in;100;7853;785300;6513
../../data/allIns/knapPI_12_20_1000_71.in;20;8494;169880;8865
../../data/allIns/knapPI_12_50_1000_3.in;50;1150;57500;1035
../../data/allIns/knapPI_13_50_1000_29.in;50;1383;69150;829
../../data/allIns/knapPI_16_50_1000_49.in;50;9758;487900;7549
../../data/allIns/knapPI_15_50_1000_19.in;50;4595;229750;4595
../../data/allIns/knapPI_12_20_1000_23.in;20;2636;52720;2866
../../data/allIns/knapPI_12_50_1000_28.in;50;9976;498800;11726
../../data/allIns/knapPI_12_20_1000_78.in;20;13360;267200;13988
../../data/allIns/knapPI_11_20_1000_29.in;20;988;19760;356
../../data/allIns/knapPI_14_50_1000_30.in;50;7471;373550;6071
../../data/allIns/knapPI_16_50_1000_69.in;50;16264;813200;11957
../../data/allIns/knapPI_14_50_1000_13.in;50;3538;176900;2912
../../data/allIns/knapPI_11_20_1000_91.in;20;8854;177080;9828
../../data/allIns/knapPI_12_20_1000_12.in;20;1584;31680;1468
../../data/allIns/knapPI_14_20_1000_39.in;20;4219;84380;3419
../../data/allIns/knapPI_16_20_1000_76.in;20;7981;159620;5703
../../data/allIns/knapPI_13_20_1000_22.in;20;4397;87940;3954
../../data/allIns/knapPI_12_50_1000_32.in;50;5041;252050;5123
../../data/allIns/knapPI_15_50_1000_43.in;50;11493;574650;11493
../../data/allIns/knapPI_12_50_1000_57.in;50;12106;605300;11042
../../data/allIns/knapPI_13_50_1000_9.in;50;2755;137750;2403
../../data/allIns/knapPI_14_20_1000_90.in;20;10560;211200;8311
../../data/allIns/knapPI_16_20_1000_87.in;20;9240;184800;6807
../../data/allIns/knapPI_14_50_1000_27.in;50;7221;361050;5867
../../data/allIns/knapPI_14_20_1000_53.in;20;4472;89440;3465
../../data/allIns/knapPI_15_100_1000_7.in;100;3491;349100;3491
../../data/allIns/knapPI_16_20_1000_8.in;20;947;18940;546
../../data/allIns/knapPI_14_20_1000_36.in;20;2990;59800;2335
../../data/allIns/knapPI_12_100_1000_8.in;100;6601;660100;7232
../../data/allIns/knapPI_12_20_1000_36.in;20;2592;51840;3013
../../data/allIns/knapPI_12_50_1000_58.in;50;9954;497700;9928
../../data/allIns/knapPI_14_100_1000_8.in;100;4122;412200;3347
../../data/allIns/knapPI_11_20_1000_24.in;20;245;4900;55
../../data/allIns/knapPI_15_50_1000_11.in;50;2558;127900;2557
../../data/allIns/knapPI_11_50_1000_14.in;50;5981;299050;7552
../../data/allIns/knapPI_15_20_1000_41.in;20;3976;79520;3972
../../data/allIns/knapPI_13_20_1000_69.in;20;673;13460;345
../../data/allIns/knapPI_11_100_1000_24.in;100;1196;119600;274
../../data/allIns/knapPI_11_200_1000_3.in;200;2753;550600;3263
../../data/allIns/knapPI_12_50_1000_4.in;50;1390;69500;1473
../../data/allIns/knapPI_14_20_1000_6.in;20;928;18560;682
../../data/allIns/knapPI_13_20_1000_92.in;20;7463;149260;6290
../../data/allIns/knapPI_16_50_1000_55.in;50;13287;664350;10287
../../data/allIns/knapPI_11_20_1000_9.in;20;1409;28180;4620
../../data/allIns/knapPI_12_100_1000_2.in;100;900;90000;878
../../data/allIns/knapPI_15_50_1000_53.in;50;12559;627950;12548
../../data/allIns/knapPI_16_20_1000_37.in;20;3556;71120;2753
../../data/allIns/knapPI_11_20_1000_15.in;20;2799;55980;3400
../../data/allIns/knapPI_15_20_1000_83.in;20;9761;195220;9747
../../data/allIns/knapPI_15_20_1000_58.in;20;6442;128840;6440
../../data/allIns/knapPI_12_50_1000_17.in;50;7010;350500;7477
../../data/allIns/knapPI_14_100_1000_5.in;100;2213;221300;1813
../../data/allIns/knapPI_16_20_1000_63.in;20;5378;107560;4095
../../data/allIns/knapPI_12_50_1000_47.in;50;15242;762100;15573
../../data/allIns/knapPI_11_50_1000_88.in;50;15960;798000;16636
../../data/allIns/knapPI_13_50_1000_75.in;50;12040;602000;9789
../../data/allIns/knapPI_13_20_1000_59.in;20;7936;158720;6956
../../data/allIns/knapPI_15_20_1000_53.in;20;4472;89440;4467
../../data/allIns/knapPI_16_20_1000_21.in;20;2264;45280;1838
../../data/allIns/knapPI_11_20_1000_83.in;20;13042;260840;15871
../../data/allIns/knapPI_14_20_1000_10.in;20;1002;20040;727
../../data/allIns/knapPI_16_50_1000_4.in;50;1001;50050;679
../../data/allIns/knapPI_16_20_1000_33.in;20;4219;84380;3283
../../data/allIns/knapPI_14_50_1000_12.in;50;2996;149800;2395
../../data/allIns/knapPI_13_50_1000_42.in;50;12471;623550;11122
../../data/allIns/knapPI_14_50_1000_16.in;50;4125;206250;3325
../../data/allIns/knapPI_11_20_1000_90.in;20;5726;114520;3618
../../data/allIns/knapPI_15_20_1000_29.in;20;2146;42920;2143
../../data/allIns/knapPI_11_50_1000_6.in;50;1768;88400;1343
../../data/allIns/knapPI_15_50_1000_55.in;50;13287;664350;13278
../../data/allIns/knapPI_16_20_1000_48.in;20;4474;89480;3624
../../data/allIns/knapPI_15_50_1000_79.in;50;19211;960550;19194
../../data/allIns/knapPI_15_50_1000_80.in;50;18125;906250;18104
../../data/allIns/knapPI_12_20_1000_50.in;20;2943;58860;4230
../../data/allIns/knapPI_15_20_1000_43.in;20;4989;99780;4988
../../data/allIns/knapPI_16_50_1000_39.in;50;10494;524700;8372
../../data/allIns/knapPI_16_20_1000_17.in;20;1868;37360;1259
../../data/allIns/knapPI_12_50_1000_79.in;50;16013;800650;17012
../../data/allIns/knapPI_11_50_1000_33.in;50;10761;538050;25012
../../data/allIns/knapPI_12_100_1000_35.in;100;8072;807200;12323
../../data/allIns/knapPI_13_20_1000_9.in;20;1260;25200;1064
../../data/allIns/knapPI_14_50_1000_5.in;50;1037;51850;817
../../data/allIns/knapPI_15_20_1000_47.in;20;3934;78680;3929
../../data/allIns/knapPI_12_20_1000_96.in;20;10214;204280;8930
../../data/allIns/knapPI_13_20_1000_58.in;20;9759;195180;8538
../../data/allIns/knapPI_15_20_1000_33.in;20;4219;84380;4216
../../data/allIns/knapPI_13_50_1000_30.in;50;7018;350900;6082
../../data/allIns/knapPI_16_20_1000_39.in;20;4219;84380;3140
../../data/allIns/knapPI_14_20_1000_52.in;20;5283;105660;4276
../../data/allIns/knapPI_14_20_1000_76.in;20;7981;159620;6175
../../data/allIns/knapPI_15_50_1000_67.in;50;14931;746550;14923
../../data/allIns/knapPI_16_20_1000_11.in;20;986;19720;596
../../data/allIns/knapPI_11_50_1000_53.in;50;10843;542150;20664
../../data/allIns/knapPI_13_50_1000_79.in;50;13264;663200;11034
../../data/allIns/knapPI_11_50_1000_28.in;50;9976;498800;31772
../../data/allIns/knapPI_12_20_1000_55.in;20;5037;100740;4989
../../data/allIns/knapPI_13_20_1000_72.in;20;8255;165100;7456
../../data/allIns/knapPI_13_20_1000_35.in;20;2412;48240;2016
../../data/allIns/knapPI_14_50_1000_77.in;50;17649;882450;13779
../../data/allIns/knapPI_16_50_1000_66.in;50;16381;819050;12931
../../data/allIns/knapPI_13_200_1000_4.in;200;2764;552800;2142
../../data/allIns/knapPI_16_50_1000_68.in;50;16243;812150;12175
../../data/allIns/knapPI_16_20_1000_25.in;20;2396;47920;1856
../../data/allIns/knapPI_16_20_1000_2.in;20;946;18920;583
../../data/allIns/knapPI_15_20_1000_72.in;20;7498;149960;7490
../../data/allIns/knapPI_12_20_1000_46.in;20;8289;165780;8112
../../data/allIns/f8_l-d_kp_23_10000.in;23;10000;230000;11978
../../data/allIns/knapPI_15_50_1000_41.in;50;9958;497900;9955
../../data/allIns/knapPI_13_20_1000_51.in;20;5987;119740;5060
../../data/allIns/knapPI_16_20_1000_57.in;20;6751;135020;5471
../../data/allIns/knapPI_16_20_1000_41.in;20;3976;79520;2873
../../data/allIns/knapPI_15_50_1000_31.in;50;7639;381950;7637
../../data/allIns/knapPI_15_50_1000_15.in;50;4554;227700;4554
../../data/allIns/knapPI_16_20_1000_93.in;20;7722;154440;5406
../../data/allIns/knapPI_11_20_1000_34.in;20;3212;64240;9223
../../data/allIns/knapPI_15_50_1000_72.in;50;18245;912250;18226
../../data/allIns/knapPI_12_50_1000_11.in;50;3856;192800;3767
../../data/allIns/knapPI_12_20_1000_27.in;20;3484;69680;3458
../../data/allIns/knapPI_12_20_1000_77.in;20;7623;152460;7800
../../data/allIns/knapPI_11_20_1000_33.in;20;4506;90120;10438
../../data/allIns/knapPI_12_20_1000_83.in;20;13042;260840;13621
../../data/allIns/knapPI_16_50_1000_17.in;50;4497;224850;3720
../../data/allIns/knapPI_13_20_1000_25.in;20;2756;55120;2364
../../data/allIns/knapPI_14_50_1000_18.in;50;4400;220000;3542
../../data/allIns/f1_l-d_kp_10_269.in;10;269;2690;546
../../data/allIns/knapPI_16_20_1000_18.in;20;1845;36900;1199
../../data/allIns/knapPI_12_20_1000_74.in;20;8630;172600;9512
../../data/allIns/knapPI_16_20_1000_24.in;20;2701;54020;2048
../../data/allIns/knapPI_15_20_1000_10.in;20;1002;20040;999
../../data/allIns/knapPI_14_20_1000_97.in;20;9099;181980;6996
../../data/allIns/knapPI_13_20_1000_64.in;20;5088;101760;4431
../../data/allIns/knapPI_14_20_1000_57.in;20;6751;135020;5445
../../data/allIns/knapPI_11_20_1000_71.in;20;8494;169880;11632
../../data/allIns/knapPI_13_20_1000_26.in;20;5205;104100;4683
../../data/allIns/knapPI_13_20_1000_44.in;20;1982;39640;1574
../../data/allIns/knapPI_12_50_1000_8.in;50;2991;149550;3277
../../data/allIns/knapPI_11_20_1000_66.in;20;7495;149900;7932
../../data/allIns/knapPI_12_20_1000_22.in;20;2262;45240;3472
../../data/allIns/knapPI_15_50_1000_75.in;50;18550;927500;18531
../../data/allIns/knapPI_15_20_1000_3.in;20;998;19960;993
../../data/allIns/knapPI_16_50_1000_76.in;50;18636;931800;14060
../../data/allIns/knapPI_14_20_1000_98.in;20;11095;221900;8769
../../data/allIns/knapPI_11_20_1000_53.in;20;5163;103260;9840
../../data/allIns/knapPI_11_20_1000_40.in;20;4698;93960;11864
../../data/allIns/knapPI_13_20_1000_36.in;20;2263;45260;1782
../../data/allIns/knapPI_15_50_1000_52.in;50;12850;642500;12841
../../data/allIns/knapPI_14_50_1000_24.in;50;6564;328200;5364
../../data/allIns/knapPI_14_20_1000_63.in;20;5378;107560;4196
../../data/allIns/knapPI_15_20_1000_7.in;20;986;19720;981
../../data/allIns/knapPI_12_50_1000_36.in;50;7129;356450;8189
../../data/allIns/knapPI_13_20_1000_21.in;20;2654;53080;2352
../../data/allIns/knapPI_13_50_1000_71.in;50;19151;957550;16894
../../data/allIns/knapPI_16_50_1000_36.in;50;7014;350700;5101
../../data/allIns/knapPI_15_50_1000_66.in;50;16381;819050;16368
../../data/allIns/knapPI_13_50_1000_18.in;50;8752;437600;7810
../../data/allIns/f7_l-d_kp_7_50.in;7;50;350;19
../../data/allIns/knapPI_12_100_1000_3.in;100;1399;139900;1266
../../data/allIns/knapPI_12_20_1000_47.in;20;6088;121760;6216
../../data/allIns/knapPI_14_20_1000_41.in;20;3976;79520;3158
../../data/allIns/f10_l-d_kp_20_879.in;20;879;17580;1011
../../data/allIns/toy.in;8;102;816;280
../../data/allIns/knapPI_11_20_1000_59.in;20;6785;135700;9216
../../data/allIns/knapPI_16_50_1000_84.in;50;18588;929400;13608
../../data/allIns/knapPI_14_100_1000_9.in;100;3897;389700;3131
../../data/allIns/knapPI_14_20_1000_42.in;20;4618;92360;3673
../../data/allIns/knapPI_16_20_1000_49.in;20;4406;88120;3474
../../data/allIns/knapPI_11_20_1000_42.in;20;5895;117900;13754
../../data/allIns/knapPI_13_20_1000_45.in;20;3112;62240;2565
../../data/allIns/knapPI_14_20_1000_85.in;20;8795;175900;6895
../../data/allIns/knapPI_12_50_1000_41.in;50;10811;540550;10887
../../data/allIns/knapPI_11_50_1000_43.in;50;9994;499700;14930
../../data/allIns/knapPI_14_20_1000_70.in;20;8036;160720;6331
../../data/allIns/knapPI_14_200_1000_3.in;200;2873;574600;2331
../../data/allIns/knapPI_16_50_1000_21.in;50;5788;289400;4829
../../data/allIns/knapPI_13_20_1000_73.in;20;826;16520;374
../../data/allIns/knapPI_14_50_1000_42.in;50;10235;511750;8235
../../data/allIns/knapPI_12_50_1000_40.in;50;12229;611450;14452
../../data/allIns/knapPI_12_50_1000_44.in;50;14463;723150;15638
../../data/allIns/knapPI_11_50_1000_15.in;50;7278;363900;8966
../../data/allIns/knapPI_15_20_1000_42.in;20;4618;92360;4615
../../data/allIns/knapPI_15_20_1000_46.in;20;5554;111080;5549
../../data/allIns/knapPI_15_50_1000_65.in;50;16307;815350;16295
../../data/allIns/knapPI_11_20_1000_84.in;20;5209;104180;6054
../../data/allIns/knapPI_14_20_1000_27.in;20;2820;56400;2217
../../data/allIns/knapPI_14_50_1000_68.in;50;16243;812150;12743
../../data/allIns/knapPI_14_20_1000_65.in;20;5274;105480;4062
../../data/allIns/knapPI_14_100_1000_17.in;100;8223;822300;6758
../../data/allIns/knapPI_12_20_1000_70.in;20;4931;98620;5158
../../data/allIns/knapPI_16_100_1000_13.in;100;6679;667900;5544
../../data/allIns/knapPI_14_50_1000_55.in;50;13287;664350;10665
../../data/allIns/knapPI_11_50_1000_55.in;50;15897;794850;26389
../../data/allIns/knapPI_15_100_1000_11.in;100;5368;536800;5368
../../data/allIns/knapPI_15_20_1000_57.in;20;6751;135020;6746
../../data/allIns/knapPI_16_100_1000_14.in;100;7368;736800;6252
../../data/allIns/knapPI_15_50_1000_46.in;50;12468;623400;12462
../../data/allIns/knapPI_14_50_1000_70.in;50;18391;919550;14591
../../data/allIns/knapPI_11_100_1000_31.in;100;6448;644800;2489
../../data/allIns/knapPI_11_20_1000_7.in;20;1278;25560;1988
../../data/allIns/knapPI_12_50_1000_35.in;50;3692;184600;5757
../../data/allIns/knapPI_12_20_1000_79.in;20;6361;127220;6443
../../data/allIns/knapPI_15_20_1000_31.in;20;3498;69960;3496
../../data/allIns/knapPI_14_20_1000_69.in;20;6380;127600;4975
../../data/allIns/knapPI_16_50_1000_22.in;50;5569;278450;4544
../../data/allIns/knapPI_1_200_1000_1.in;200;1008;201600;9996
../../data/allIns/knapPI_11_50_1000_62.in;50;19794;989700;25220
../../data/allIns/knapPI_15_20_1000_5.in;20;963;19260;963
../../data/allIns/f5_l-d_kp_15_375.in;15;375;5625;0
../../data/allIns/knapPI_15_50_1000_64.in;50;16892;844600;16881
../../data/allIns/knapPI_15_20_1000_59.in;20;5981;119620;5975
../../data/allIns/knapPI_11_20_1000_14.in;20;2676;53520;3287
../../data/allIns/knapPI_13_20_1000_43.in;20;4959;99180;4252
../../data/allIns/knapPI_13_50_1000_74.in;50;13955;697750;11917
../../data/allIns/knapPI_11_50_1000_40.in;50;12229;611450;30879
../../data/allIns/knapPI_13_20_1000_80.in;20;4855;97100;3731
../../data/allIns/knapPI_15_100_1000_14.in;100;7368;736800;7368
../../data/allIns/knapPI_12_50_1000_75.in;50;16941;847050;16192
../../data/allIns/knapPI_15_50_1000_21.in;50;5788;289400;5788
../../data/allIns/knapPI_14_20_1000_37.in;20;3556;71120;2755
../../data/allIns/knapPI_13_20_1000_91.in;20;8657;173140;7097
../../data/allIns/knapPI_16_20_1000_47.in;20;3934;78680;2750
../../data/allIns/knapPI_11_20_1000_74.in;20;8630;172600;11737
../../data/allIns/knapPI_14_20_1000_21.in;20;2264;45280;1825
../../data/allIns/knapPI_15_20_1000_55.in;20;4377;87540;4373
../../data/allIns/knapPI_14_50_1000_59.in;50;14765;738250;11765
../../data/allIns/knapPI_15_20_1000_2.in;20;946;18920;943
../../data/allIns/knapPI_16_50_1000_38.in;50;8930;446500;6869
../../data/allIns/knapPI_12_50_1000_42.in;50;13835;691750;13198
../../data/allIns/knapPI_14_50_1000_11.in;50;2558;127900;1958
../../data/allIns/knapPI_16_50_1000_24.in;50;6564;328200;5359
../../data/allIns/knapPI_12_20_1000_31.in;20;1204;24080;1936
../../data/allIns/knapPI_11_20_1000_57.in;20;4878;97560;4881
../../data/allIns/knapPI_15_50_1000_74.in;50;19527;976350;19512
../../data/allIns/knapPI_11_20_1000_3.in;20;1150;23000;1265
../../data/allIns/knapPI_13_50_1000_37.in;50;10734;536700;9676
../../data/allIns/knapPI_12_20_1000_91.in;20;8854;177080;8502
../../data/allIns/knapPI_11_20_1000_93.in;20;7430;148600;8070
../../data/allIns/knapPI_11_50_1000_5.in;50;1303;65150;3488
../../data/allIns/knapPI_12_20_1000_59.in;20;6785;135700;6802
../../data/allIns/knapPI_12_20_1000_90.in;20;5726;114520;5859
../../data/allIns/knapPI_11_50_1000_68.in;50;10214;510700;14062
../../data/allIns/knapPI_15_20_1000_23.in;20;2222;44440;2220
../../data/allIns/knapPI_16_50_1000_72.in;50;18245;912250;14200
../../data/allIns/knapPI_14_50_1000_3.in;50;998;49900;743
../../data/allIns/knapPI_13_100_1000_73.in;100;5115;511500;2350
../../data/allIns/knapPI_16_100_1000_12.in;100;6244;624400;5205
../../data/allIns/knapPI_15_20_1000_50.in;20;4623;92460;4621
../../data/allIns/knapPI_16_20_1000_6.in;20;928;18560;488
../../data/allIns/knapPI_15_50_1000_50.in;50;12473;623650;12464
../../data/allIns/knapPI_12_50_1000_18.in;50;8150;407500;8557
../../data/allIns/knapPI_13_50_1000_80.in;50;10132;506600;7834
../../data/allIns/knapPI_11_50_1000_26.in;50;7337;366850;9688
../../data/allIns/knapPI_11_20_1000_44.in;20;5247;104940;7116
../../data/allIns/knapPI_13_20_1000_56.in;20;5333;106660;4510
../../data/allIns/knapPI_12_20_1000_67.in;20;8330;166600;7652
../../data/allIns/knapPI_16_50_1000_11.in;50;2558;127900;1998
../../data/allIns/knapPI_13_20_1000_62.in;20;12094;241880;10932
../../data/allIns/knapPI_14_20_1000_77.in;20;6802;136040;5091
../../data/allIns/knapPI_14_20_1000_31.in;20;3498;69960;2879
../../data/allIns/knapPI_11_50_1000_90.in;50;17779;888950;11779
../../data/allIns/knapPI_13_20_1000_10.in;20;1278;25560;1078
../../data/allIns/knapPI_11_50_1000_34.in;50;6773;338650;18802
